Workbook

Sheet Sheet2
A1: التسلسل | B1: المحافظه | C1: النوع | D1: مشترك أو مستفيد من التأمين الصحــى | E1: الاجمالي | F1: كود المحافظة
A2: 1 | B2: القاهرة | C2: ذكر | D2: حكومــــى | E2: 2300027 | F2: =_xlfn.XLOOKUP(B2,Sheet1!$A:$A,Sheet1!$B:$B) -> EG-C
A3: 2 | B3: القاهرة | C3: ذكر | D3: قطــاع خاص | E3: 435130 | F3: =_xlfn.XLOOKUP(B3,Sheet1!$A:$A,Sheet1!$B:$B) -> EG-C
A4: 3 | B4: القاهرة | C4: ذكر | D4: أخــرى | E4: 24564 | F4: =_xlfn.XLOOKUP(B4,Sheet1!$A:$A,Sheet1!$B:$B) -> EG-C
A5: 4 | B5: القاهرة | C5: ذكر | D5: غيـــر مشترك أو غيـــــر مستفيد | E5: 2200904 | F5: =_xlfn.XLOOKUP(B5,Sheet1!$A:$A,Sheet1!$B:$B) -> EG-C
A6: 5 | B6: القاهرة | C6: انثى | D6: حكومــــى | E6: 1821224 | F6: =_xlfn.XLOOKUP(B6,Sheet1!$A:$A,Sheet1!$B:$B) -> EG-C
A7: 6 | B7: القاهرة | C7: انثى | D7: قطــاع خاص | E7: 215911 | F7: =_xlfn.XLOOKUP(B7,Sheet1!$A:$A,Sheet1!$B:$B) -> EG-C
A8: 7 | B8: القاهرة | C8: انثى | D8: أخــرى | E8: 24825 | F8: =_xlfn.XLOOKUP(B8,Sheet1!$A:$A,Sheet1!$B:$B) -> EG-C
A9: 8 | B9: القاهرة | C9: انثى | D9: غيـــر مشترك أو غيـــــر مستفيد | E9: 2517087 | F9: =_xlfn.XLOOKUP(B9,Sheet1!$A:$A,Sheet1!$B:$B) -> EG-C
A10: 9 | B10: الاسكندرية | C10: ذكر | D10: حكومــــى | E10: 1332606 | F10: =_xlfn.XLOOKUP(B10,Sheet1!$A:$A,Sheet1!$B:$B) -> EG-ALX
A11: 10 | B11: الاسكندرية | C11: ذكر | D11: قطــاع خاص | E11: 190824 | F11: =_xlfn.XLOOKUP(B11,Sheet1!$A:$A,Sheet1!$B:$B) -> EG-ALX
A12: 11 | B12: الاسكندرية | C12: ذكر | D12: أخــرى | E12: 10129 | F12: =_xlfn.XLOOKUP(B12,Sheet1!$A:$A,Sheet1!$B:$B) -> EG-ALX
A13: 12 | B13: الاسكندرية | C13: ذكر | D13: غيـــر مشترك أو غيـــــر مستفيد | E13: 1121265 | F13: =_xlfn.XLOOKUP(B13,Sheet1!$A:$A,Sheet1!$B:$B) -> EG-ALX
... A217: 216 | B217: جنوب سيناء | C217: انثى | D217: غيـــر مشترك أو غيـــــر مستفيد | E217: 22339 | F217: =_xlfn.XLOOKUP(B217,Sheet1!$A:$A,Sheet1!$B:$B) -> EG-JS

Sheet Sheet1
A1: القاهرة | B1: EG-C
A2: الجيزة | B2: EG-GZ
A3: الإسكندرية | B3: EG-ALX
A4: بورسعيد | B4: EG-PTS
A5: السويس | B5: EG-SUZ
A6: الإسماعيلية | B6: EG-IS
A7: دمياط | B7: EG-DT
A8: الدقهلية | B8: EG-DK
A9: الشرقية | B9: EG-SHR
A10: كفر الشيخ | B10: EG-KFS
A11: الغربية | B11: EG-GH
A12: المنوفية | B12: EG-MNF
... A27: جنوب سيناء | B27: EG-JS
