Workbook

Sheet Sheet1
A1: المتسلسل | B1: كود المحافظة | C1: المحافظة | D1: النوع | E1: الحالة التعليمية | F1: الإجمالي
A2: 1 | B2: =_xlfn.XLOOKUP(C2,Sheet2!$A:$A,Sheet2!$B:$B) -> EG-C | C2: القاهرة | D2: ذكر | E2: أمى | F2: 564880
A3: 2 | B3: =_xlfn.XLOOKUP(C3,Sheet2!$A:$A,Sheet2!$B:$B) -> EG-C | C3: القاهرة | D3: ذكر | E3: يقرأ ويكتب بدون مؤهل | F3: 366758
A4: 3 | B4: =_xlfn.XLOOKUP(C4,Sheet2!$A:$A,Sheet2!$B:$B) -> EG-C | C4: القاهرة | D4: ذكر | E4: محو أمية | F4: 17568
A5: 4 | B5: =_xlfn.XLOOKUP(C5,Sheet2!$A:$A,Sheet2!$B:$B) -> EG-C | C5: القاهرة | D5: ذكر | E5: تربية فكرية | F5: 15939
A6: 5 | B6: =_xlfn.XLOOKUP(C6,Sheet2!$A:$A,Sheet2!$B:$B) -> EG-C | C6: القاهرة | D6: ذكر | E6: ابتدائية | F6: 305584
A7: 6 | B7: =_xlfn.XLOOKUP(C7,Sheet2!$A:$A,Sheet2!$B:$B) -> EG-C | C7: القاهرة | D7: ذكر | E7: اعدادية | F7: 351215
A8: 7 | B8: =_xlfn.XLOOKUP(C8,Sheet2!$A:$A,Sheet2!$B:$B) -> EG-C | C8: القاهرة | D8: ذكر | E8: ثانوية عامة / أزهري | F8: 395581
A9: 8 | B9: =_xlfn.XLOOKUP(C9,Sheet2!$A:$A,Sheet2!$B:$B) -> EG-C | C9: القاهرة | D9: ذكر | E9: مؤهل متوسط فنى | F9: 739828
A10: 9 | B10: =_xlfn.XLOOKUP(C10,Sheet2!$A:$A,Sheet2!$B:$B) -> EG-C | C10: القاهرة | D10: ذكر | E10: مؤهل فوق متوسط | F10: 236201
A11: 10 | B11: =_xlfn.XLOOKUP(C11,Sheet2!$A:$A,Sheet2!$B:$B) -> EG-C | C11: القاهرة | D11: ذكر | E11: مؤهل جامعى | F11: 987908
A12: 11 | B12: =_xlfn.XLOOKUP(C12,Sheet2!$A:$A,Sheet2!$B:$B) -> EG-C | C12: القاهرة | D12: ذكر | E12: دبلوم عالى | F12: 34706
A13: 12 | B13: =_xlfn.XLOOKUP(C13,Sheet2!$A:$A,Sheet2!$B:$B) -> EG-C | C13: القاهرة | D13: ذكر | E13: ماجستير | F13: 21695
... A703: 702 | B703: =_xlfn.XLOOKUP(C703,Sheet2!$A:$A,Sheet2!$B:$B) -> EG-PTS | C703: بورسعيد | D703: ذكر | E703: دكتوراه | F703: 580

Sheet Sheet2
A1: القاهرة | B1: EG-C
A2: الجيزة | B2: EG-GZ
A3: الإسكندرية | B3: EG-ALX
A4: بورسعيد | B4: EG-PTS
A5: السويس | B5: EG-SUZ
A6: الإسماعيلية | B6: EG-IS
A7: دمياط | B7: EG-DT
A8: الدقهلية | B8: EG-DK
A9: الشرقية | B9: EG-SHR
A10: كفر الشيخ | B10: EG-KFS
A11: الغربية | B11: EG-GH
A12: المنوفية | B12: EG-MNF
... A27: جنوب سيناء | B27: EG-JS
